
 ------------------------ INSERTING DATA INTO ALL THE TABLES --------------------------------------
 
 ------------ INSERTING DATA INTO ADMIN TABLE --------------------
 
 
-- INSERT ALL  
--        INTO ADMIN (AdminID,Passwords,StationNo,FirstName,LastName) VALUES ('A2','Sophie001','S2','Sophie','French')
--        INTO ADMIN (AdminID,Passwords,StationNo,FirstName,LastName) VALUES ('A3','Alison001','S3','Alison','Campbell')  
--        INTO ADMIN (AdminID,Passwords,StationNo,FirstName,LastName) VALUES ('A4','Samantha001','S4','Samantha','Carr')
--        INTO ADMIN (AdminID,Passwords,StationNo,FirstName,LastName) VALUES ('A5','Molly001','S5','Molly','Mason')
--        INTO ADMIN  (AdminID,Passwords,StationNo,FirstName,LastName) VALUES ('A6','Veronica001','S6','Veronica','Gilbert')
--        INTO ADMIN  (AdminID,Passwords,StationNo,FirstName,LastName) VALUES ('A7','Clinton001','S7','Clinton','Woods')
--        INTO ADMIN   (AdminID,Passwords,StationNo,FirstName,LastName) VALUES ('A8','Marianne001','S8','Marianne','Graves')
--        INTO ADMIN (AdminID,Passwords,StationNo,FirstName,LastName) VALUES ('A9','Johnnie001','S9','Johnnie','Price')
--        INTO ADMIN (AdminID,Passwords,StationNo,FirstName,LastName) VALUES ('A10','Alberto001','S10','Alberto','Kennedy')
--SELECT * FROM ADMIN;



------------ INSERTING DATA INTO USERPROFILE TABLE --------------------

--INSERT ALL
        --INSERT INTO USERPROFILE(UserID,ApprovedByAdmin,UserName,Passwords,FirstName,LastName,Street,Region,City,States,Country,PhoneNumber,EmailID,Type_User,OverAllRating) VALUES ('UID00001','A1','AlexandrinaChery','Alexa','Alexandrina','Chery','CobraVaddo','CalungateBagaRoad','Calangute','Goa','India','8512369874','Chery@gmail.com','CarOwner',5)    
        --INSERT INTO USERPROFILE(UserID,ApprovedByAdmin,UserName,Passwords,FirstName,LastName,Street,Region,City,States,Country,PhoneNumber,EmailID,Type_User,OverAllRating) VALUES ('UID00002','A3','AbbieCherye','Abbieche','Abbie','Cherye','8180Street','ArakashanRoad','Paharganj','Delhi','India','9874563201','Cherye@gmail.com','CarOwner',4)
        --INSERT INTO USERPROFILE(UserID,ApprovedByAdmin,UserName,Passwords,FirstName,LastName,Street,Region,City,States,Country,PhoneNumber,EmailID,Type_User,OverAllRating) VALUES ('UID00003','A2','AbbotCheryl','Abbotche','Abbot','Cheryl','GurudwaraRoad','KarolBagh','KarolBagh','Delhi','India','9454563475','Cheryl@gmail.com','CarOwner',5)
        --INSERT INTO USERPROFILE(UserID,ApprovedByAdmin,UserName,Passwords,FirstName,LastName,Street,Region,City,States,Country,PhoneNumber,EmailID,Type_User,OverAllRating) VALUES ('UID00004','A3','AbbottCheslie','Abbotchesl','Abbott','Cheslie','ACRoad','Alleppey','Alleppey','Kerala','India','9526478523','Cheslie@gmail.com','CarOwner',4)
        --INSERT INTO USERPROFILE(UserID,ApprovedByAdmin,UserName,Passwords,FirstName,LastName,Street,Region,City,States,Country,PhoneNumber,EmailID,Type_User,OverAllRating) VALUES ('UID00005','A1','AbbyChiarra','AbbyChi','Abby','Chiarra','CentralAvenue','KalyaniNagar','Pune','Maharashtra','India','7852967841','Chiarra@gmail.com','CarOwner',5)
        --INSERT INTO USERPROFILE(UserID,ApprovedByAdmin,UserName,Passwords,FirstName,LastName,Street,Region,City,States,Country,PhoneNumber,EmailID,Type_User,OverAllRating) VALUES ('UID00006','A4','AbdelChickie','Abdelchi','Abdel','Chickie','15thCross','JPNagar','Bangalore','Karnataka','India','9054167823','Chickie@gmail.com','CarOwner',5);
        --INSERT INTO USERPROFILE(UserID,ApprovedByAdmin,UserName,Passwords,FirstName,LastName,Street,Region,City,States,Country,PhoneNumber,EmailID,Type_User,OverAllRating) VALUES ('UID00007','A2','AbdulChicky','Abdulchi','Abdul','Chicky','E-Road','Koyambedu','Chennai','TamilNadu','India','8752369410','Chicky@gmail.com','CarOwner',4);
        --INSERT INTO USERPROFILE(UserID,ApprovedByAdmin,UserName,Passwords,FirstName,LastName,Street,Region,City,States,Country,PhoneNumber,EmailID,Type_User,OverAllRating) VALUES ('UID00008','A5','AbdulkarimChiquita','AbdulkarChi','Abdulkar','Chiquita','JawaharlalNehruRoad','Vadapalani','Chennai','TamilNadu','India','7852146309','Chiquita@gmail.com','CarOwner',5);
        --INSERT INTO USERPROFILE(UserID,ApprovedByAdmin,UserName,Passwords,FirstName,LastName,Street,Region,City,States,Country,PhoneNumber,EmailID,Type_User,OverAllRating) VALUES ('UID00009','A8','AbdullahChloe','AbdullahChl','Abdullah','Chloe','PeriyarHighRoad','Periamet','Chennai','TamilNadu','India','9999999008','Chloe@gmail.com','CarOwner',4);
        --INSERT INTO USERPROFILE(UserID,ApprovedByAdmin,UserName,Passwords,FirstName,LastName,Street,Region,City,States,Country,PhoneNumber,EmailID,Type_User,OverAllRating) VALUES ('UID00010','A9','AbeChloette','AbeChlo','Abe','Chloette','CandolimBeachRoad','Calungate','Calangute','Goa','India','8756954123','Chloette@gmail.com','CarOwner',5);
        --INSERT INTO USERPROFILE(UserID,ApprovedByAdmin,UserName,Passwords,FirstName,LastName,Street,Region,City,States,Country,PhoneNumber,EmailID,Type_User,OverAllRating) VALUES ('UID00011','A10','AbelChloris','AbelChlor','Abel','Chloris','SouthCity','Sector41','Gurgaon','Delhi','India','9875632014','Chloris@gmail.com','CarOwner',5);
--select * from USERPROFILE;




------------ INSERTING DATA INTO FEEDBACK TABLE --------------------

--INSERT ALL
        --INSERT INTO FeedBacks (FeedBackID,UserID,Rating,Remarks) VALUES ('F01','UID00001',5,'Well maintained Cars')
--        INSERT INTO FeedBacks (FeedBackID,UserID,Rating,Remarks) VALUES ('F02','UID00002',5,'Excellent');
--        INSERT INTO FeedBacks (FeedBackID,UserID,Rating,Remarks) VALUES ('F03','UID00003',1,'Bad experience')
--        INSERT INTO FeedBacks (FeedBackID,UserID,Rating,Remarks) VALUES ('F04','UID00004',5,'Well maintained Cars')
--        INSERT INTO FeedBacks (FeedBackID,UserID,Rating,Remarks) VALUES ('F05','UID00005',2,'')
--        INSERT INTO FeedBacks (FeedBackID,UserID,Rating,Remarks) VALUES ('F06','UID00006',5,'Well maintained Cars')
--        INSERT INTO FeedBacks (FeedBackID,UserID,Rating,Remarks) VALUES ('F07','UID00007',5,'Great')
--        INSERT INTO FeedBacks (FeedBackID,UserID,Rating,Remarks) VALUES ('F08','UID00008',4,'')
--        INSERT INTO FeedBacks (FeedBackID,UserID,Rating,Remarks) VALUES ('F09','UID00009',5,'')
--        INSERT INTO FeedBacks (FeedBackID,UserID,Rating,Remarks) VALUES ('F10','UID00010',3,'Good')
-- SELECT * FROM FeedBacks


------------ INSERTING DATA INTO PROMOCODE TABLE --------------------

--INSERT INTO Promocode(PromoCode,Offer,DiscountAmount) values ('EasyFirstRide','50 bucks off on your first EasyRide trip',50);
--INSERT INTO Promocode(PromoCode,Offer,DiscountAmount) values ('EasyChristmas','Festive discount on holiday week',30);
--INSERT INTO Promocode(PromoCode,Offer,DiscountAmount) values ('EasyDiwali','Festive discount in Diwali week',30);
--INSERT INTO Promocode(PromoCode,Offer,DiscountAmount) values ('EasyRide25','25 bucks off',25);
--INSERT INTO Promocode(PromoCode,Offer,DiscountAmount) values ('EasyRide20','20 bucks off',20);
--INSERT INTO Promocode(PromoCode,Offer,DiscountAmount) values ('EasyRide15','15 bucks off',15);
--INSERT INTO Promocode(PromoCode,Offer,DiscountAmount) values ('EasyRide10','10 bucks off',10);
--INSERT INTO Promocode(PromoCode,Offer,DiscountAmount) values ('EasyCash50','50 bucks off on cash payment',50);
--INSERT INTO Promocode(PromoCode,Offer,DiscountAmount) values ('EasyPaytm10','10 bucks off on UPI',10);
--INSERT INTO Promocode(PromoCode,Offer,DiscountAmount) values ('EasyFreeRide','200 bucks off on a ride',200);
--INSERT INTO Promocode(PromoCode,Offer,DiscountAmount) values ('EasyPremier','50 bucks for on Premium ride',50);

-- SELECT * FROM PROMOCODE;


------------ INSERTING DATA INTO RIDER TABLE --------------------

--
--INSERT INTO RIDER (RiderID,UserID,AmountDue) VALUES ('RID01','UID00001',0);
--INSERT INTO RIDER (RiderID,UserID,AmountDue) VALUES ('RID02','UID00002',0);
--INSERT INTO RIDER (RiderID,UserID,AmountDue) VALUES ('RID03','UID00003',0);
--INSERT INTO RIDER (RiderID,UserID,AmountDue) VALUES ('RID04','UID00004',0);
--INSERT INTO RIDER (RiderID,UserID,AmountDue) VALUES ('RID05','UID00005',0);
--INSERT INTO RIDER (RiderID,UserID,AmountDue) VALUES ('RID06','UID00006',0);
--INSERT INTO RIDER (RiderID,UserID,AmountDue) VALUES ('RID07','UID00007',0);
--INSERT INTO RIDER (RiderID,UserID,AmountDue) VALUES ('RID08','UID00008',0);
--INSERT INTO RIDER (RiderID,UserID,AmountDue) VALUES ('RID09','UID00009',0);
--INSERT INTO RIDER (RiderID,UserID,AmountDue) VALUES ('RID10','UID00010',0);
--INSERT INTO RIDER (RiderID,UserID,AmountDue) VALUES ('RID11','UID00011',0);
--INSERT INTO RIDER (RiderID,UserID,AmountDue) VALUES ('RID12','UID00012',0);
--
--
--
--
-- SELECT * FROM RIDER;




------------ INSERTING DATA INTO DRIVER TABLE --------------------


--
----INSERT ALL
--		INSERT INTO DRIVER (DriverID, UserID,LicenseNo,Gender,TotalEarnings) VALUES ('DRI01','UID00001','D7371','F',0) 
--		INSERT INTO DRIVER (DriverID, UserID,LicenseNo,Gender,TotalEarnings) VALUES ('DRI02','UID00002','D2167','M',0) 
--		INSERT INTO DRIVER (DriverID, UserID,LicenseNo,Gender,TotalEarnings) VALUES ('DRI03','UID00003','D8515','F',0) 
--		INSERT INTO DRIVER (DriverID, UserID,LicenseNo,Gender,TotalEarnings) VALUES ('DRI04','UID00004','D8140','M',0) 
--		INSERT INTO DRIVER (DriverID, UserID,LicenseNo,Gender,TotalEarnings) VALUES ('DRI05','UID00005','D5445','F',0) 
--		INSERT INTO DRIVER (DriverID, UserID,LicenseNo,Gender,TotalEarnings) VALUES ('DRI06','UID00006','D4463','M',0) 
--		INSERT INTO DRIVER (DriverID, UserID,LicenseNo,Gender,TotalEarnings) VALUES ('DRI07','UID00007','D8412','F',0) 
--		INSERT INTO DRIVER (DriverID, UserID,LicenseNo,Gender,TotalEarnings) VALUES ('DRI08','UID00008','D0126','M',0) 
--		INSERT INTO DRIVER (DriverID, UserID,LicenseNo,Gender,TotalEarnings) VALUES ('DRI09','UID00009','D7221','M',0) 
--		INSERT INTO DRIVER (DriverID, UserID,LicenseNo,Gender,TotalEarnings) VALUES ('DRI10','UID00010','D0806','F',0) 
--		INSERT INTO DRIVER (DriverID, UserID,LicenseNo,Gender,TotalEarnings) VALUES ('DRI11','UID00011','D8956','M',0) 
--		INSERT INTO DRIVER (DriverID, UserID,LicenseNo,Gender,TotalEarnings) VALUES ('DRI12','UID00012','D2180','F',0) 
--		INSERT INTO DRIVER (DriverID, UserID,LicenseNo,Gender,TotalEarnings) VALUES ('DRI13','UID00013','D7890','M',0)
--
-- SELECT * FROM DRIVER;

------------ INSERTING DATA INTO CAROWNER TABLE --------------------



--INSERT INTO CAROWNER (OwnerID,UserID,CompanyName,ContractType,TotalEarnings,ContractDuration) VALUES ('CRO01','UID00001','Acura Cars','CO001',0,5)
--INSERT INTO CAROWNER (OwnerID,UserID,CompanyName,ContractType,TotalEarnings,ContractDuration) VALUES ('CRO02','UID00002','Alfa-Romeo Cabs','CO002',0,6)
--INSERT INTO CAROWNER (OwnerID,UserID,CompanyName,ContractType,TotalEarnings,ContractDuration) VALUES ('CRO03','UID00003','Buick Car Services','CO003',0,7)
--INSERT INTO CAROWNER (OwnerID,UserID,CompanyName,ContractType,TotalEarnings,ContractDuration) VALUES ('CRO04','UID00004','Dodge Car Network','CO004',0,10)
--INSERT INTO CAROWNER (OwnerID,UserID,CompanyName,ContractType,TotalEarnings,ContractDuration) VALUES ('CRO05','UID00005','Citreon Taxi','CO005',0,8)
--INSERT INTO CAROWNER (OwnerID,UserID,CompanyName,ContractType,TotalEarnings,ContractDuration) VALUES ('CRO06','UID00006','Fiat Rental','CO006',0,5)
--INSERT INTO CAROWNER (OwnerID,UserID,CompanyName,ContractType,TotalEarnings,ContractDuration) VALUES ('CRO07','UID00007','Genesis Cabs','CO007',0,4)
--INSERT INTO CAROWNER (OwnerID,UserID,CompanyName,ContractType,TotalEarnings,ContractDuration) VALUES ('CRO08','UID00008','Infiniti Taxi','CO008',0,6)
--INSERT INTO CAROWNER (OwnerID,UserID,CompanyName,ContractType,TotalEarnings,ContractDuration) VALUES ('CRO09','UID00009','Lancia Car Services','CO009',0,8)
--INSERT INTO CAROWNER (OwnerID,UserID,CompanyName,ContractType,TotalEarnings,ContractDuration) VALUES ('CRO10','UID00010','Mazda Network','CO010',0,10)
--INSERT INTO CAROWNER (OwnerID,UserID,CompanyName,ContractType,TotalEarnings,ContractDuration) VALUES ('CRO11','UID00011','Lotus Cars','CO011',0,6)
--       
--SELECT * FROM CAROWNER  



------------ INSERTING DATA INTO LOCATION TABLE --------------------

--INSERT ALL
--        INSERT INTO Locations (LocationID,Street,Region,City,States,Country,Latitude,Longitude) VALUES (101,'8180 Street','AambyValley','Pune','Maharashtra','India',18.513271,73.849852)
--        INSERT INTO Locations (LocationID,Street,Region,City,States,Country,Latitude,Longitude) VALUES (102,'Gurudwara Road','Kadodara','Surat','Gujarat','India',21.195944,72.830232)
--        INSERT INTO Locations (LocationID,Street,Region,City,States,Country,Latitude,Longitude) VALUES (103,'Hiranandani Gardens','Powai','Mumbai','Maharashtra','India',18.987807,72.836447)
--        INSERT INTO Locations (LocationID,Street,Region,City,States,Country,Latitude,Longitude) VALUES (104,'Sardar Patel Marg','Ambattur','Chennai','Tamil Nadu','India',13.084622,80.248357)
--        INSERT INTO Locations (LocationID,Street,Region,City,States,Country,Latitude,Longitude) VALUES (105,'North 24 Parganas','Howrah','Kolkata','West Bengal','India',22.562627,88.363044)
--        INSERT INTO Locations (LocationID,Street,Region,City,States,Country,Latitude,Longitude) VALUES (106,'North 24 Parganas','Howrah','Kolkata','West Bengal','India',22.562627,88.363044)
--        INSERT INTO Locations (LocationID,Street,Region,City,States,Country,Latitude,Longitude) VALUES (107,'Church Street','Marathahalli','Bengaluru','Karnataka','India',12.977063,77.587106)
--        INSERT INTO Locations (LocationID,Street,Region,City,States,Country,Latitude,Longitude) VALUES (108,'Housing Colony','Venkatagiri','Hyderabad','Andhra Pradesh','India',17.384052,78.456355)
--        INSERT INTO Locations (LocationID,Street,Region,City,States,Country,Latitude,Longitude) VALUES (109,'Cobra Vaddo','Siparia','Haora','West Bengal','India',22.576882,88.318566)
--        INSERT INTO Locations (LocationID,Street,Region,City,States,Country,Latitude,Longitude) VALUES (110,'Fremont Street','San Jose','Santa Clara','California','US',88.576882,33.318566)
-- 
--
--SELECT * FROM LOCATIONS;


------------ INSERTING DATA INTO TRIPCHARGES TABLE --------------------

--INSERT ALL
--        INSERT INTO Cars (CarID,OwnerID,DriverID,CarModel,CarRegistrationNumber,CarColor,LocationID,Capacities,Categories) VALUES ('CAR01','CRO01','DRI01','Nissan Terrano','ABC009','Grey',101,6,'MaxXL')
--        INSERT INTO Cars (CarID,OwnerID,DriverID,CarModel,CarRegistrationNumber,CarColor,LocationID,Capacities,Categories) VALUES ('CAR02','CRO02','DRI02','Nissan Sunny','ABC010','White',102,6,'MaxXL')
--        INSERT INTO Cars (CarID,OwnerID,DriverID,CarModel,CarRegistrationNumber,CarColor,LocationID,Capacities,Categories) VALUES ('CAR03','CRO03','DRI03','Hyundai Santro','ABC011','Red',103,4,'Mini')
--        INSERT INTO Cars (CarID,OwnerID,DriverID,CarModel,CarRegistrationNumber,CarColor,LocationID,Capacities,Categories) VALUES ('CAR04','CRO04','DRI04','Honda Amaze','ABC012','Black',104,4,'Mini')
--        INSERT INTO Cars (CarID,OwnerID,DriverID,CarModel,CarRegistrationNumber,CarColor,LocationID,Capacities,Categories) VALUES ('CAR05','CRO05','DRI05','Honda Civic','ABC013','Blue',105,4,'Mini')
--        INSERT INTO Cars (CarID,OwnerID,DriverID,CarModel,CarRegistrationNumber,CarColor,LocationID,Capacities,Categories) VALUES ('CAR06','CRO06','DRI06','Honda Amaze','ABC014','Navy Blue',106,4,'Mini')
--        INSERT INTO Cars (CarID,OwnerID,DriverID,CarModel,CarRegistrationNumber,CarColor,LocationID,Capacities,Categories) VALUES ('CAR07','CRO07','DRI07','Maruti Swift Dzire','ABC015','Black',107,4,'Mini')
--        INSERT INTO Cars (CarID,OwnerID,DriverID,CarModel,CarRegistrationNumber,CarColor,LocationID,Capacities,Categories) VALUES ('CAR08','CRO08','DRI08','Jaguar XE','ABC016','Pearl White',108,4,'Premium')
--        INSERT INTO Cars (CarID,OwnerID,DriverID,CarModel,CarRegistrationNumber,CarColor,LocationID,Capacities,Categories) VALUES ('CAR09','CRO09','DRI09','Tata Nano','ABC001','Grey',109,4,'Micro')
--        INSERT INTO Cars (CarID,OwnerID,DriverID,CarModel,CarRegistrationNumber,CarColor,LocationID,Capacities,Categories) VALUES ('CAR10','CRO10','DRI10','Etios Liva','ABC002','White',110,4,'Micro')
-- 
-- SELECT * FROM Cars;





------------ INSERTING DATA INTO TRIPCHARGES TABLE --------------------

--INSERT ALL
--        INSERT INTO TripCharges (States,Tax,ChargePerKilometer) VALUES ('Goa',36.75,9.25)
--        INSERT INTO TripCharges (States,Tax,ChargePerKilometer) VALUES ('Gujarat',35.45,7.25)
--        INSERT INTO TripCharges (States,Tax,ChargePerKilometer) VALUES ('Haryana',20.5,6.25)
--        INSERT INTO TripCharges (States,Tax,ChargePerKilometer) VALUES ('Himachal Pradesh',19.5,7.25)
--        INSERT INTO TripCharges (States,Tax,ChargePerKilometer) VALUES ('Jammu and Kashmir',10.5,5.5)
--        INSERT INTO TripCharges (States,Tax,ChargePerKilometer) VALUES ('Andhra Pradesh',23.6,7)
--        INSERT INTO TripCharges (States,Tax,ChargePerKilometer) VALUES ('Arunachal Pradesh',23.5,7.5)
--        INSERT INTO TripCharges (States,Tax,ChargePerKilometer) VALUES ('Assam',13,6.5)
--        INSERT INTO TripCharges (States,Tax,ChargePerKilometer) VALUES ('Bihar',27.5,7.15)
--        INSERT INTO TripCharges (States,Tax,ChargePerKilometer) VALUES ('Chandigarh',23.52,8.25)
--
--
--SELECT * FROM TRIPCHARGES;




 ------------ INSERTING DATA INTO REQUEST TABLE --------------------
 
-- 
--        INSERT INTO REQUEST (RequestID,RiderID,CarID,SourceLocationID,DestinationLocationID, Status,PromoCode, ReasonForCancellation) VALUES ('REQ00001','RID01','CAR01',101,102,'Approved','EasyFirstRide',NULL);
--        INSERT INTO REQUEST  (RequestID,RiderID,CarID,SourceLocationID,DestinationLocationID, Status, PromoCode, ReasonForCancellation) VALUES ('REQ00002','RID02','CAR02',101,103,'Approved', NULL,NULL)
--        INSERT INTO REQUEST  (RequestID,RiderID,CarID,SourceLocationID,DestinationLocationID, Status, PromoCode, ReasonForCancellation) VALUES ('REQ00003','RID03','CAR03',101,104,'Approved','EasyPremier',NULL)
--        INSERT INTO REQUEST  (RequestID,RiderID,CarID,SourceLocationID,DestinationLocationID, Status, PromoCode, ReasonForCancellation) VALUES ('REQ00004','RID04','CAR03',102,105,'Approved','EasyRide15',NULL)
--        INSERT INTO REQUEST  (RequestID,RiderID,CarID,SourceLocationID,DestinationLocationID, Status, PromoCode, ReasonForCancellation) VALUES ('REQ00005','RID05','CAR04',107,109,'Approved', NULL,NULL)
--        INSERT INTO REQUEST  (RequestID,RiderID,CarID,SourceLocationID,DestinationLocationID, Status, PromoCode, ReasonForCancellation) VALUES ('REQ00006','RID06','CAR05',110,101,'Cancelled',NULL,'Driver Cancelled')
--        INSERT INTO REQUEST  (RequestID,RiderID,CarID,SourceLocationID,DestinationLocationID, Status, PromoCode, ReasonForCancellation) VALUES ('REQ00007','RID07','CAR06',103,108,'Approved','EasyCash50',NULL)
--        INSERT INTO REQUEST  (RequestID,RiderID,CarID,SourceLocationID,DestinationLocationID, Status, PromoCode, ReasonForCancellation) VALUES ('REQ00008','RID08','CAR07',106,103,'Approved','EasyRide15',NULL)
--        INSERT INTO REQUEST  (RequestID,RiderID,CarID,SourceLocationID,DestinationLocationID, Status, PromoCode, ReasonForCancellation) VALUES ('REQ00009','RID09','CAR08',102,110,'Approved','EasyFreeRide',NULL)
--        INSERT INTO REQUEST  (RequestID,RiderID,CarID,SourceLocationID,DestinationLocationID, Status,  PromoCode, ReasonForCancellation) VALUES ('REQ00010','RID10','CAR09',101,105,'Approved',NULL,NULL)
--SELECT * FROM REQUEST
-- 
 
 
 
------------ INSERTING DATA INTO TRIP TABLE --------------------

----INSERT ALL  
--        INSERT INTO TRIP (RequestID,Distance,Status, StartTimestamp,DropTimestamp) VALUES ('REQ00001',16.44,'Completed','01-07-20 08:01:59.820','01-07-20 11:30:59.820')
--        INSERT INTO TRIP (RequestID,Distance,Status,StartTimestamp,DropTimestamp) VALUES ('REQ00002',10.08,'Completed','02-07-20 01:06:59.820','02-07-20 08:14:59.820')  
--        INSERT INTO TRIP (RequestID,Distance,Status,StartTimestamp,DropTimestamp) VALUES ('REQ00003',15.72,'Completed','03-07-20 05:02:59.820','03-07-20 07:02:59.820')
--        INSERT INTO TRIP (RequestID,Distance,Status,StartTimestamp,DropTimestamp) VALUES ('REQ00004',23.48,'Completed','09-07-20 05:02:59.820','09-07-20 07:08:59.820')
--        INSERT INTO TRIP (RequestID,Distance,Status,StartTimestamp,DropTimestamp) VALUES ('REQ00005',32.24,'Completed','08-07-20 03:02:59.820','08-07-20 05:55:59.820')
--        INSERT INTO TRIP (RequestID,Distance,Status,StartTimestamp,DropTimestamp) VALUES ('REQ00006',10.76,'Completed','15-07-20 04:06:59.820','15-07-20 06:06:59.820')
--        INSERT INTO TRIP (RequestID,Distance,Status,StartTimestamp,DropTimestamp) VALUES ('REQ00007',70.71,'Completed','31-07-20 08:06:59.820','31-07-20 11:08:59.820')
--        INSERT INTO TRIP (RequestID,Distance,Status,StartTimestamp,DropTimestamp) VALUES ('REQ00008',15.23,'Completed','25-07-20 07:06:59.820','25-07-20 10:16:59.820')
--        INSERT INTO TRIP (RequestID,Distance,Status,StartTimestamp,DropTimestamp) VALUES ('REQ00009',16.16,'Completed','22-07-20 04:06:59.820','22-07-20 12:20:59.820')
--SELECT * FROM TRIP




 
 ------------ INSERTING DATA INTO INVOICE TABLE --------------------
-- 
--INSERT INTO INVOICE (InvoiceID,RequestID,Distance,Price) VALUES ('INV00001','REQ00001',16.44,526)
--        INSERT INTO INVOICE (InvoiceID,RequestID,Distance,Price) VALUES ('INV00002','REQ00002',10.08,110.5)
--        INSERT INTO INVOICE (InvoiceID,RequestID,Distance,Price) VALUES ('INV00003','REQ00003',15.72,457)
--        INSERT INTO INVOICE (InvoiceID,RequestID,Distance,Price) VALUES ('INV00004','REQ00004',23.48,326)
--        INSERT INTO INVOICE (InvoiceID,RequestID,Distance,Price) VALUES ('INV00005','REQ00005',32.24,290.5)
--        INSERT INTO INVOICE (InvoiceID,RequestID,Distance,Price) VALUES ('INV00006','REQ00006',10.76,410.5)
--        INSERT INTO INVOICE (InvoiceID,RequestID,Distance,Price) VALUES ('INV00007','REQ00007',70.71,168.5)
--        INSERT INTO INVOICE (InvoiceID,RequestID,Distance,Price) VALUES ('INV00008','REQ00008',15.23,300)
--        INSERT INTO INVOICE (InvoiceID,RequestID,Distance,Price) VALUES ('INV00009','REQ00009',16.16,270.5)
--SELECT * FROM INVOICE
 
 
 
  ------------ INSERTING DATA INTO PAYMENTGATEWAY TABLE --------------------
 
 
--insert into paymentgateway (PaymentID,InvoiceID,RiderID,MethodOfPayment,Amount,Status) values ('PAY01','INV00001','RID01','UPI',526,'Successful')
--insert into paymentgateway (PaymentID,InvoiceID,RiderID,MethodOfPayment,Amount,Status) values ('PAY02','INV00002','RID02','Cash',110.5,'Successful')
--insert into paymentgateway (PaymentID,InvoiceID,RiderID,MethodOfPayment,Amount,Status) values ('PAY03','INV00003','RID03','Card',457,'Successful')
--insert into paymentgateway (PaymentID,InvoiceID,RiderID,MethodOfPayment,Amount,Status) values ('PAY04','INV00004','RID04','UPI',326,'Successful')
--insert into paymentgateway (PaymentID,InvoiceID,RiderID,MethodOfPayment,Amount,Status) values ('PAY05','INV00005','RID05','UPI',290.5,'Failed')
--insert into paymentgateway (PaymentID,InvoiceID,RiderID,MethodOfPayment,Amount,Status) values ('PAY06','INV00006','RID06','Card',410.5,'Pending')
--insert into paymentgateway (PaymentID,InvoiceID,RiderID,MethodOfPayment,Amount,Status) values ('PAY07','INV00007','RID07','Card',168.5,'Successful')
--insert into paymentgateway (PaymentID,InvoiceID,RiderID,MethodOfPayment,Amount,Status) values ('PAY08','INV00008','RID08','Cash',300,'Successful')
--insert into paymentgateway (PaymentID,InvoiceID,RiderID,MethodOfPayment,Amount,Status) values ('PAY09','INV00009','RID09','UPI',270.5,'Failed')
--
-- 
--
--select * from paymentgateway;

